"Species","Group","Median_S","LCI_S","UCI_S","Median_W","LCI_W","UCI_W","Median_diff","LCI_diff","UCI_diff","elev_roundS","elev_roundW","maxTemp_June_mean","minTemp_June_mean","maxTemp_June_ci","minTemp_June_ci","tempRange_June","maxTemp_Jan_mean","minTemp_Jan_mean","maxTemp_Jan_ci","minTemp_Jan_ci","tempRange_Jan","ThermalRegime","Species3","Tree.name","HWI","Diet"
"White-throated Kingfisher",0,44,44,51.895,69.675,45.30875,93.6,-24.825,-48.79,0.641250000000004,0,100,30.8799486148347,26.2986930294906,0.00231790307769073,0.00191760276816597,4.58125558534406,22.17997075424,12.0471307722794,0.0042423324397093,0.00270695153573242,10.1328399819606,18.8328178425553,"Halcyon smyrnensis","Halcyon_smyrnensis",20.24597458,"vertebrates"
"Greater Yellownape",2,235,184.38,344.28,142,137.67,182,91.95,40.25,202.28,200,100,30.328356296059,25.7071718466304,0.00811646409562864,0.00461486597158153,4.6211844494286,22.17997075424,12.0471307722794,0.0042423324397093,0.00270695153573242,10.1328399819606,18.2812255237796,"Picus flavinucha","Picus_flavinucha",23.75209001,"invertebrates"
"Blue-throated Barbet",1,46.3,44,75,110,86.5425,125,-63.05,-79,-29.5975,0,100,30.8799486148347,26.2986930294906,0.00231790307769073,0.00191760276816597,4.58125558534406,22.17997075424,12.0471307722794,0.0042423324397093,0.00270695153573242,10.1328399819606,18.8328178425553,"Megalaima asiatica","Megalaima_asiatica",17.49884742,"fruit"
"Great Barbet",0,444.9,415.74125,511.5,331,242.3875,463,116,-22.8,222.98875,400,300,29.2241525423729,24.631986093003,0.00987866219193129,0.00656715024153167,4.59216644936984,21.3894706224549,10.6652621956287,0.0163697346722889,0.0093670192425808,10.7242084268262,18.5588903467442,"Megalaima virens","Megalaima_virens",21.67202429,"fruit"
"Scarlet Minivet",2,409.4,310.7,440.96625,133,120.44375,142,273.9,172.89125,315,400,100,29.2241525423729,24.631986093003,0.00987866219193129,0.00656715024153167,4.59216644936984,22.17997075424,12.0471307722794,0.0042423324397093,0.00270695153573242,10.1328399819606,17.1770217700935,"Pericrocotus flammeus","Pericrocotus_flammeus",27.33760301,"invertebrates"
"Black-hooded Oriole",1,44,44,44,48.1,46.0375,78.94375,-4.1,-34.94375,-2.0375,0,0,30.8799486148347,26.2986930294906,0.00231790307769073,0.00191760276816597,4.58125558534406,22.5955819928508,12.6396782841823,0.0042324052621271,0.00527703698463517,9.95590370866845,18.2402703306524,"Oriolus xanthornus","Oriolus_xanthornus",26.9861565,"fruit"
"Maroon Oriole",2,508.55,401.0875,674.405,126,103.235,142,374.8,269.0525,546.6975,500,100,28.7198271413829,24.1112100103199,0.0106961153210823,0.00784150230567837,4.60861713106295,22.17997075424,12.0471307722794,0.0042423324397093,0.00270695153573242,10.1328399819606,16.6726963691035,"Oriolus traillii","Oriolus_traillii",26.13313045,"omnivore"
"Red-billed Chough",0,2270.2,2261.115,2318.46,2185,1842.6,2271.4,87.75,-3.40499999999961,437.725,2300,2200,19.7516029863856,14.9916117698726,0.018864697759563,0.0201789595963393,4.75999121651296,9.45784029788995,-0.442594124948283,0.033596221881513,0.0325592174523225,9.90043442283823,20.1941971113339,"Pyrrhocorax pyrrhocorax","Pyrrhocorax_pyrrhocorax",38.08226878,"invertebrates"
"Gray Treepie",1,411.225,343.08625,445.0075,542.175,489,669.75,-135.25,-276.21,-51.59,400,500,29.2241525423729,24.631986093003,0.00987866219193129,0.00656715024153167,4.59216644936984,20.021826625387,9.52920536635707,0.0247815183021447,0.0153867428921848,10.4926212590299,19.6949471760158,"Dendrocitta formosae","Dendrocitta_formosae",15.79692104,"omnivore"
"Yellow-billed Blue-Magpie",0,2044.375,1765.71875,2137.8,1956.35,1871.2,2131.01,46.5500000000001,-242.07625,228.4025,2000,2000,21.1280714546117,16.4377506379876,0.0176439072804063,0.0186697283921411,4.69032081662413,10.6041560335399,0.688899015676267,0.0348077238604157,0.0315468037560053,9.91525701786365,20.4391724389354,"Urocissa flavirostris","Urocissa_flavirostris",12.78680638,"invertebrates"
"Common Green-Magpie",2,432.5,431.8825,433.1175,306.6,258.91,354.29,125.9,78.8275,172.9725,400,300,29.2241525423729,24.631986093003,0.00987866219193129,0.00656715024153167,4.59216644936984,21.3894706224549,10.6652621956287,0.0163697346722889,0.0093670192425808,10.7242084268262,18.5588903467442,"Cissa chinensis","Cissa_chinensis",7.750215296,"omnivore"
"House Crow",0,108.2,86,115.8075,102.95,83.79,110,2,-22,25.0025,100,100,31.0453254615774,26.3031200032799,0.00246270069158673,0.00168917054461957,4.74220545829746,22.17997075424,12.0471307722794,0.0042423324397093,0.00270695153573242,10.1328399819606,18.998194689298,"Corvus splendens","Corvus_splendens",36.62683518,"omnivore"
"Large-billed Crow",0,150.7,139,185.635,221.025,142,506.14875,-62.425,-348.765,28.6,200,200,30.328356296059,25.7071718466304,0.00811646409562864,0.00461486597158153,4.6211844494286,21.9024564776247,11.1792748050838,0.0125342086895257,0.00661594515077385,10.7231816725409,19.1490814909752,"Corvus macrorhynchos","Corvus_macrorhynchos",38.03851875,"omnivore"
"Eurasian Nutcracker",2,2468,2321.44,2525.85625,1902.8,1480.4,2387.8525,550.7,13.1874999999998,990.17875,2500,1900,18.8248406139315,14.0319952774498,0.0235828083203425,0.0252483406293864,4.7928453364817,11.2113057612425,1.27545602311721,0.0343526046599801,0.0304217196143785,9.93584973812534,17.5493845908143,"Nucifraga caryocatactes","Nucifraga_caryocatactes",22.95651226,"seeds"
"Long-tailed Shrike",2,421.3,121.4725,1005.8,108,81,111.5525,313.625,15.1225,902.735,400,100,29.2241525423729,24.631986093003,0.00987866219193129,0.00656715024153167,4.59216644936984,22.17997075424,12.0471307722794,0.0042423324397093,0.00270695153573242,10.1328399819606,17.1770217700935,"Lanius schach","Lanius_schach",19.99957577,"invertebrates"
"Gray-backed Shrike",2,512.4,374.555,618,133.75,116.995,143.75,377.95,239.58,484.0125,500,100,28.7198271413829,24.1112100103199,0.0106961153210823,0.00784150230567837,4.60861713106295,22.17997075424,12.0471307722794,0.0042423324397093,0.00270695153573242,10.1328399819606,16.6726963691035,"Lanius tephronotus","Lanius_tephronotus",20.3383384,"invertebrates"
"White-throated Fantail",0,122.75,86.59,139,132.25,106.3425,148.2425,-9,-47.7275,20.0449999999999,100,100,31.0453254615774,26.3031200032799,0.00246270069158673,0.00168917054461957,4.74220545829746,22.17997075424,12.0471307722794,0.0042423324397093,0.00270695153573242,10.1328399819606,18.998194689298,"Rhipidura albicollis","Rhipidura_albicollis",17.32114512,"invertebrates"
"Hair-crested Drongo",0,99,98.095,198.1225,118,92.2,134.45125,-11.775,-34.305,79.41,100,100,31.0453254615774,26.3031200032799,0.00246270069158673,0.00168917054461957,4.74220545829746,22.17997075424,12.0471307722794,0.0042423324397093,0.00270695153573242,10.1328399819606,18.998194689298,"Dicrurus hottentottus","Dicrurus_hottentottus",24.4694317,"invertebrates"
"Ashy Drongo",2,440,395.395,513,129.95,114.0975,142,308.55,258,379.60375,400,100,29.2241525423729,24.631986093003,0.00987866219193129,0.00656715024153167,4.59216644936984,22.17997075424,12.0471307722794,0.0042423324397093,0.00270695153573242,10.1328399819606,17.1770217700935,"Dicrurus leucophaeus","Dicrurus_leucophaeus",30.10929264,"invertebrates"
"Black Drongo",1,44,44,46,79.3,46,93.005,-35,-49.005,-2,0,100,30.8799486148347,26.2986930294906,0.00231790307769073,0.00191760276816597,4.58125558534406,22.17997075424,12.0471307722794,0.0042423324397093,0.00270695153573242,10.1328399819606,18.8328178425553,"Dicrurus macrocercus","Dicrurus_macrocercus",27.11140206,"invertebrates"
"Bronzed Drongo",0,199,139.75,317.72,141.8,125,209.4375,58.8,-11.55,173.6575,200,100,30.328356296059,25.7071718466304,0.00811646409562864,0.00461486597158153,4.6211844494286,22.17997075424,12.0471307722794,0.0042423324397093,0.00270695153573242,10.1328399819606,18.2812255237796,"Dicrurus aeneus","Dicrurus_aeneus",27.86537116,"invertebrates"
"Green-backed Tit",2,1020.75,995.4,1113.965,884.4,820.38,977.98875,126.275,34.0475,248.11625,1000,900,26.1136041174016,21.5037835582139,0.0106850279975913,0.0102623128450242,4.60982055918765,17.4571645709548,7.18316982174934,0.029506931452875,0.0189098326342412,10.2739947492055,18.9304342956523,"Parus monticolus","Parus_monticolus",15.66479173,"invertebrates"
"Gray-headed Canary-Flycatcher",2,515,437.995,515,125,92.5975,142,388.3,312.38625,422.2,500,100,28.7198271413829,24.1112100103199,0.0106961153210823,0.00784150230567837,4.60861713106295,22.17997075424,12.0471307722794,0.0042423324397093,0.00270695153573242,10.1328399819606,16.6726963691035,"Culicicapa ceylonensis","Culicicapa_ceylonensis",19.98883172,"invertebrates"
"Black-throated Tit",0,1178.275,1158.20625,1198.34375,1239.475,1082.22625,1396.72375,-61.2,-198.38,75.9800000000001,1200,1200,25.0893087161872,20.4820666952913,0.0109226545265803,0.0111869571864997,4.60724202089595,15.5046371833405,5.37473880062974,0.0309450666103673,0.0219576847205654,10.1298983827107,19.7145699155575,"Aegithalos concinnus","Aegithalos_concinnus",17.63180272,"invertebrates"
"Chestnut-headed Tesia",2,1739,1739,1739,511.05,389.1,544.7725,1227.95,1194.2275,1349.9,1700,500,22.5833305716653,17.9345153272577,0.0142818994319414,0.0152787470232498,4.64881524440762,20.021826625387,9.52920536635707,0.0247815183021447,0.0153867428921848,10.4926212590299,13.0541252053082,"Tesia castaneocoronata","Tesia_castaneocoronata",13.81636995,"invertebrates"
"Ashy-throated Warbler",2,1705.75,1113,1815.5,882.6,785.4,1178.7,746.65,219.4,980.3,1700,900,22.5833305716653,17.9345153272577,0.0142818994319414,0.0152787470232498,4.64881524440762,17.4571645709548,7.18316982174934,0.029506931452875,0.0189098326342412,10.2739947492055,15.400160749916,"Phylloscopus maculipennis","Phylloscopus_maculipennis",16.98375989,"invertebrates"
"Gray-hooded Warbler",0,563.45,487.6,688.69625,489,489,722.4575,50.8,-184.255,186.4,600,500,28.1822649297046,23.5787050174126,0.0104819153002768,0.00816130871450377,4.60355991229202,20.021826625387,9.52920536635707,0.0247815183021447,0.0153867428921848,10.4926212590299,18.6530595633475,"Phylloscopus xanthoschistos","Phylloscopus_xanthoschistos",16.03329717,"invertebrates"
"Whistler's Warbler",2,1739,1739,1739,273.525,170.33625,486.12375,1465.475,1252.87625,1568.66375,1700,300,22.5833305716653,17.9345153272577,0.0142818994319414,0.0152787470232498,4.64881524440762,21.3894706224549,10.6652621956287,0.0163697346722889,0.0093670192425808,10.7242084268262,11.9180683760366,"Seicercus whistleri","Seicercus_whistleri",14.76874658,"invertebrates"
"Nepal Fulvetta",0,413,233.33,489.7975,489,350.74375,489,-75.05,-247.105,68.4712500000001,400,500,29.2241525423729,24.631986093003,0.00987866219193129,0.00656715024153167,4.59216644936984,20.021826625387,9.52920536635707,0.0247815183021447,0.0153867428921848,10.4926212590299,19.6949471760158,"Alcippe nipalensis","Alcippe_nipalensis",9.230127309,"invertebrates"
"Indian White-eye",0,200,177.4775,356.54125,189.475,140.5,323.635,25.775,-122.62875,188.10375,200,200,30.328356296059,25.7071718466304,0.00811646409562864,0.00461486597158153,4.6211844494286,21.9024564776247,11.1792748050838,0.0125342086895257,0.00661594515077385,10.7231816725409,19.1490814909752,"Zosterops palpebrosus","Zosterops_palpebrosus",21.11433824,"omnivore"
"Rufous-vented Yuhina",2,1739,1739,1739,847.15,845.3925,848.9075,891.85,890.0925,893.6075,1700,800,22.5833305716653,17.9345153272577,0.0142818994319414,0.0152787470232498,4.64881524440762,18.0632563857397,7.76568774757547,0.0294916863383853,0.0190259805698742,10.2975686381642,14.8176428240898,"Yuhina occipitalis","Yuhina_occipitalis",15.62917307,"invertebrates"
"Stripe-throated Yuhina",2,1739,1739,1739,883.3,756.6,983.0425,855.7,755.9575,982.4,1700,900,22.5833305716653,17.9345153272577,0.0142818994319414,0.0152787470232498,4.64881524440762,17.4571645709548,7.18316982174934,0.029506931452875,0.0189098326342412,10.2739947492055,15.400160749916,"Yuhina gularis","Yuhina_gularis",18.54342757,"invertebrates"
"Whiskered Yuhina",2,1240.7,1073.55,1361,489,489,539,747.8,583.05,870.4075,1200,500,25.0893087161872,20.4820666952913,0.0109226545265803,0.0111869571864997,4.60724202089595,20.021826625387,9.52920536635707,0.0247815183021447,0.0153867428921848,10.4926212590299,15.5601033498301,"Yuhina flavicollis","Yuhina_flavicollis",16.47946843,"invertebrates"
"Chestnut-crowned Laughingthrush",2,1739,1739,1739,1320,1054.63,1463.75375,419,275.1,684.37,1700,1300,22.5833305716653,17.9345153272577,0.0142818994319414,0.0152787470232498,4.64881524440762,14.8761166818596,4.77329079307201,0.0316789893227845,0.0229754654456803,10.1028258887876,17.8100397785933,"Garrulax erythrocephalus","Garrulax_erythrocephalus",3.950341178,"invertebrates"
"Striated Laughingthrush",0,1001,933.75,1093.5,832.75,489,1033.4175,168.05,-43.6275,553.53875,1000,800,26.1136041174016,21.5037835582139,0.0106850279975913,0.0102623128450242,4.60982055918765,18.0632563857397,7.76568774757547,0.0294916863383853,0.0190259805698742,10.2975686381642,18.3479163698261,"Garrulax striatus","Garrulax_striatus",9.883632758,"invertebrates"
"Black-faced Laughingthrush",0,1812.5,1739,2611.66,1739,1344.2525,1898.3075,116.2,-109.57625,930.5175,1800,1700,22.1007962053193,17.4410299847535,0.0133087444797409,0.0148518874749508,4.65976622056581,12.4347307373654,2.44971002485501,0.0331634284654694,0.0277865521929798,9.98502071251036,19.6510861804643,"Garrulax affinis","Garrulax_affinis",6.885889356,"invertebrates"
"Jungle Babbler",1,44,44,44,82,46.15,110,-38,-66,-2.15000000000001,0,100,30.8799486148347,26.2986930294906,0.00231790307769073,0.00191760276816597,4.58125558534406,22.17997075424,12.0471307722794,0.0042423324397093,0.00270695153573242,10.1328399819606,18.8328178425553,"Turdoides striata","Turdoides_striata",9.46000401,"omnivore"
"White-crested Laughingthrush",0,473.05,431.6925,515,489,400.49625,489,-3,-55.42625,85.565,500,500,28.7198271413829,24.1112100103199,0.0106961153210823,0.00784150230567837,4.60861713106295,20.021826625387,9.52920536635707,0.0247815183021447,0.0153867428921848,10.4926212590299,19.1906217750258,"Garrulax leucolophus","Garrulax_leucolophus",5.692448289,"invertebrates"
"Spotted Laughingthrush",1,1739,1739,2296.55,2368,2140,2390.25,-401,-649.25,-66.6499999999999,1700,2400,22.5833305716653,17.9345153272577,0.0142818994319414,0.0152787470232498,4.64881524440762,8.31696588868941,-1.58765709156194,0.0310316457269272,0.0319761757112239,9.90462298025135,24.1709876632272,"Garrulax ocellatus","Garrulax_ocellatus",9.56223762,"omnivore"
"White-throated Laughingthrush",2,1701.65,1501,1973.965,1374.2,1045.21,1598.635,367.95,66.27,722.95,1700,1400,22.5833305716653,17.9345153272577,0.0142818994319414,0.0152787470232498,4.64881524440762,14.2408968206359,4.20592381523695,0.0316307904148849,0.0243574478237473,10.0349730053989,18.3774067564283,"Garrulax albogularis","Garrulax_albogularis",7.277778343,"invertebrates"
"Red-tailed Minla",2,1462.4,1383.6,1672.38375,561.25,489,759.49375,933.9,701.45375,1162.0975,1500,600,23.5779067942884,18.9508394790523,0.0123556145661597,0.0130859389044514,4.62706731523615,19.355230233458,8.94249967754418,0.0262411777147674,0.0161045563463586,10.4127305559138,14.6354071167442,"Minla ignotincta","Minla_ignotincta",15.57967108,"invertebrates"
"Chestnut-tailed Minla",0,1643.75,1086.79,1739,1304.8,1251.76,1531.82,316.5,-241.39,477,1600,1300,23.0817277321541,18.4424194567277,0.0126500249354417,0.0136981467018319,4.63930827542641,14.8761166818596,4.77329079307201,0.0316789893227845,0.0229754654456803,10.1028258887876,18.3084369390821,"Minla strigula","Minla_strigula",14.13029854,"invertebrates"
"Blue-winged Minla",2,991.25,902.3,1168.8525,230.2,149.47,490.0375,754.7,451.1675,914.4475,1000,200,26.1136041174016,21.5037835582139,0.0106850279975913,0.0102623128450242,4.60982055918765,21.9024564776247,11.1792748050838,0.0125342086895257,0.00661594515077385,10.7231816725409,14.9343293123178,"Minla cyanouroptera","Minla_cyanouroptera",9.945848157,"omnivore"
"Rusty-fronted Barwing",2,1102.3,1102.3,1102.3,489,489,489,613.3,613.3,613.3,1100,500,25.5989433519225,20.992750220135,0.0107942732548264,0.0107331158590115,4.6061931317875,20.021826625387,9.52920536635707,0.0247815183021447,0.0153867428921848,10.4926212590299,16.0697379855654,"Actinodura egertoni","Actinodura_egertoni",10.8499953,"invertebrates"
"Red-billed Leiothrix",2,1390.175,1293,1492.49375,948,839.9,1094,440.6,250.8625,570.94375,1400,900,24.0707108578284,19.451799640072,0.0119630728366704,0.0126488271355564,4.61891121775645,17.4571645709548,7.18316982174934,0.029506931452875,0.0189098326342412,10.2739947492055,16.8875410360791,"Leiothrix lutea","Leiothrix_lutea",12.74622441,"invertebrates"
"Rufous Sibia",2,1395.475,1346.99375,1469,664,566.9,778.1225,747.7,616.6375,882.805,1400,700,24.0707108578284,19.451799640072,0.0119630728366704,0.0126488271355564,4.61891121775645,18.7009572603478,8.35736820817042,0.0281479028228348,0.0178678292947903,10.3435890521774,15.713342649658,"Heterophasia capistrata","Heterophasia_capistrata",16.87569208,"omnivore"
"Beautiful Sibia",2,1687.25,1595,1739,717,515,879.7325,996.2,811.0275,1224,1700,700,22.5833305716653,17.9345153272577,0.0142818994319414,0.0152787470232498,4.64881524440762,18.7009572603478,8.35736820817042,0.0281479028228348,0.0178678292947903,10.3435890521774,14.2259623634949,"Heterophasia pulchella","Heterophasia_pulchella",17.69217273,"invertebrates"
"Streak-breasted Scimitar-Babbler",0,1237.8,1028.68,1701.08,1285.7,1106.1,1509.5,6.09999999999991,-315.4,472.38,1200,1300,25.0893087161872,20.4820666952913,0.0109226545265803,0.0111869571864997,4.60724202089595,14.8761166818596,4.77329079307201,0.0316789893227845,0.0229754654456803,10.1028258887876,20.3160179231152,"Pomatorhinus ruficollis","Pomatorhinus_ruficollis",10.00654519,"invertebrates"
"Common Tailorbird",0,104.925,51.48125,138.3025,122.6,103.49625,142,-18.25,-70.3075,27.0025,100,100,31.0453254615774,26.3031200032799,0.00246270069158673,0.00168917054461957,4.74220545829746,22.17997075424,12.0471307722794,0.0042423324397093,0.00270695153573242,10.1328399819606,18.998194689298,"Orthotomus sutorius","Orthotomus_sutorius",10.61962388,"invertebrates"
"Red-vented Bulbul",1,87.5,75,108.95125,112,110,125,-25.95,-42.41375,-4.19750000000001,100,100,31.0453254615774,26.3031200032799,0.00246270069158673,0.00168917054461957,4.74220545829746,22.17997075424,12.0471307722794,0.0042423324397093,0.00270695153573242,10.1328399819606,18.998194689298,"Pycnonotus cafer","Pycnonotus_cafer",16.99361609,"omnivore"
"Himalayan Bulbul",0,440,355,529,439.3,368.98,529,-9.72500000000002,-136.8225,97.3424999999999,400,400,29.2241525423729,24.631986093003,0.00987866219193129,0.00656715024153167,4.59216644936984,20.6929487179487,10.1024228596262,0.0211605715296966,0.0130168304861054,10.5905258583225,19.1217296827467,"Pycnonotus leucogenys","Pycnonotus_leucogenys",14.63443237,"omnivore"
"Red-whiskered Bulbul",0,105,72.35,138.63875,91.1,75.7,125,10.2,-36.95875,56.72375,100,100,31.0453254615774,26.3031200032799,0.00246270069158673,0.00168917054461957,4.74220545829746,22.17997075424,12.0471307722794,0.0042423324397093,0.00270695153573242,10.1328399819606,18.998194689298,"Pycnonotus jocosus","Pycnonotus_jocosus",14.25432338,"omnivore"
"Black Bulbul",2,488.075,430.2475,515,180.325,142,440.02625,293.975,54.55,371,500,200,28.7198271413829,24.1112100103199,0.0106961153210823,0.00784150230567837,4.60861713106295,21.9024564776247,11.1792748050838,0.0125342086895257,0.00661594515077385,10.7231816725409,17.5405523362991,"Hypsipetes leucocephalus","Hypsipetes_leucocephalus",24.70445229,"fruit"
"Oriental Magpie-Robin",1,52,46,80,110,102,117.10375,-54.775,-66,-27.5925,100,100,31.0453254615774,26.3031200032799,0.00246270069158673,0.00168917054461957,4.74220545829746,22.17997075424,12.0471307722794,0.0042423324397093,0.00270695153573242,10.1328399819606,18.998194689298,"Copsychus saularis","Copsychus_saularis",18.59340096,"invertebrates"
"Large Niltava",2,911,483.85625,1125.4425,320.9,142,489,528.35,104.4425,894.331249999999,900,300,26.6295564460412,22.0305375155451,0.0103382610574248,0.00934240205925809,4.59901893049606,21.3894706224549,10.6652621956287,0.0163697346722889,0.0093670192425808,10.7242084268262,15.9642942504125,"Niltava grandis","Niltava_grandis",19.75640767,"invertebrates"
"Small Niltava",2,583.05,416.3,760.36,142,125,167,444.25,272.71,621.5,600,100,28.1822649297046,23.5787050174126,0.0104819153002768,0.00816130871450377,4.60355991229202,22.17997075424,12.0471307722794,0.0042423324397093,0.00270695153573242,10.1328399819606,16.1351341574252,"Niltava macgrigoriae","Niltava_macgrigoriae",16.34040579,"invertebrates"
"Gray Bushchat",2,1258.95,1196.9425,1418.55125,378.325,209.185,545.5475,886.925,678.96375,1100.03,1300,400,24.5725767243999,19.9603312063203,0.0112184480742628,0.0117340827958435,4.61224551807961,20.6929487179487,10.1024228596262,0.0211605715296966,0.0130168304861054,10.5905258583225,14.4701538647737,"Saxicola ferreus","Saxicola_ferreus",18.27315103,"invertebrates"
"White-capped Redstart",2,1059.6,948.6,1795.62,248.5,176.2475,339.985,811.55,633.485,1524.5025,1100,200,25.5989433519225,20.992750220135,0.0107942732548264,0.0107331158590115,4.6061931317875,21.9024564776247,11.1792748050838,0.0125342086895257,0.00661594515077385,10.7231816725409,14.4196685468387,"Chaimarrornis leucocephalus","Chaimarrornis_leucocephalus",19.9228806,"invertebrates"
"Plumbeous Redstart",2,916.7,734,1217.1475,254.8,182,343.8,675.825,462.03375,969.5325,900,300,26.6295564460412,22.0305375155451,0.0103382610574248,0.00934240205925809,4.59901893049606,21.3894706224549,10.6652621956287,0.0163697346722889,0.0093670192425808,10.7242084268262,15.9642942504125,"Rhyacornis fuliginosa","Rhyacornis_fuliginosa",25.41461187,"invertebrates"
"Blue-fronted Redstart",2,1931.35,1432.65,2165.53,1067,903.02125,1074,868.2,365.18625,1257.3525,1900,1100,21.6026548672566,16.9230991511649,0.015506231039612,0.0168097247168437,4.67955571609174,16.1586439683006,5.98620487232169,0.0312989100241542,0.0214319658357402,10.1724390959789,15.6164499949349,"Phoenicurus frontalis","Phoenicurus_frontalis",23.22957052,"invertebrates"
"Blue Whistling-Thrush",2,694.8,655.2125,858.45125,412.525,310.785,502.41,288.7,173.965,462.4825,700,400,27.6658622084401,23.0582445732776,0.0107060522113908,0.00900080845254511,4.60761763516247,20.6929487179487,10.1024228596262,0.0211605715296966,0.0130168304861054,10.5905258583225,17.5634393488139,"Myophonus caeruleus","Myophonus_caeruleus",20.72113387,"invertebrates"
"White-collared Blackbird",2,2332,2300.995,2387,1567.9,1262.39375,1832.76625,760.5,493.01,1085.555,2300,1600,19.7516029863856,14.9916117698726,0.018864697759563,0.0201789595963393,4.75999121651296,13.026958307012,3.04011370814908,0.0320412434337288,0.0257665590682289,9.98684459886292,16.7114892782365,"Turdus albocinctus","Turdus_albocinctus",24.90550183,"omnivore"
"Common Myna",0,88.7,81.3975,102.3,102,81,110,-10,-25.45125,14.8025,100,100,31.0453254615774,26.3031200032799,0.00246270069158673,0.00168917054461957,4.74220545829746,22.17997075424,12.0471307722794,0.0042423324397093,0.00270695153573242,10.1328399819606,18.998194689298,"Acridotheres tristis","Acridotheres_tristis",21.84696376,"omnivore"
"Jungle Myna",1,44,44,44,70,46.315,79.42,-26,-35.42,-2.315,0,100,30.8799486148347,26.2986930294906,0.00231790307769073,0.00191760276816597,4.58125558534406,22.17997075424,12.0471307722794,0.0042423324397093,0.00270695153573242,10.1328399819606,18.8328178425553,"Acridotheres fuscus","Acridotheres_fuscus",24.7162719,"omnivore"
"Chestnut-tailed Starling",0,46,44,84.2425,80.8,58.18,103.0275,-32,-56.655,11.12,0,100,30.8799486148347,26.2986930294906,0.00231790307769073,0.00191760276816597,4.58125558534406,22.17997075424,12.0471307722794,0.0042423324397093,0.00270695153573242,10.1328399819606,18.8328178425553,"Sturnus malabaricus","Sturnus_malabaricus",30.54295576,"omnivore"
"Asian Pied Starling",0,75,48,81,63.6,46,82.1475,4.9,-26.5,29.32125,100,100,31.0453254615774,26.3031200032799,0.00246270069158673,0.00168917054461957,4.74220545829746,22.17997075424,12.0471307722794,0.0042423324397093,0.00270695153573242,10.1328399819606,18.998194689298,"Sturnus contra","Sturnus_contra",22.54255993,"omnivore"
"White-tailed Nuthatch",0,1103,939.75,1351.0575,1301,837.365,1442.4,-103.15,-373.43,259.374999999999,1100,1300,25.5989433519225,20.992750220135,0.0107942732548264,0.0107331158590115,4.6061931317875,14.8761166818596,4.77329079307201,0.0316789893227845,0.0229754654456803,10.1028258887876,20.8256525588505,"Sitta himalayensis","Sitta_himalayensis",20.4149484,"invertebrates"
"Chestnut-bellied Nuthatch",2,257.15,182.735,343.695,142,121.085,184.2175,114.95,16.3975,195.41375,300,100,29.6939250394748,25.1543172941079,0.00864873398522135,0.00514161997767552,4.53960774536691,22.17997075424,12.0471307722794,0.0042423324397093,0.00270695153573242,10.1328399819606,17.6467942671954,"Sitta castanea","Sitta_castanea",22.47727329,"invertebrates"
"Olive-backed Pipit",2,1269.1,1074,1920.1625,286.95,144.485,599.005,967.8,656.7175,1656.4825,1300,300,24.5725767243999,19.9603312063203,0.0112184480742628,0.0117340827958435,4.61224551807961,21.3894706224549,10.6652621956287,0.0163697346722889,0.0093670192425808,10.7242084268262,13.9073145287712,"Anthus hodgsoni","Anthus_hodgsoni",25.89732612,"invertebrates"
"Russet Sparrow",0,1235.675,1189.7925,1329.8025,1317.6,1267.3,1406.55,-75.9749999999999,-191.25375,41.225,1200,1300,25.0893087161872,20.4820666952913,0.0109226545265803,0.0111869571864997,4.60724202089595,14.8761166818596,4.77329079307201,0.0316789893227845,0.0229754654456803,10.1028258887876,20.3160179231152,"Passer rutilans","Passer_rutilans",31.53067654,"seeds"
"Eurasian Tree Sparrow",1,139,139,173.415,398.525,206.13875,647.805,-252.3,-508.405,-58.86875,100,400,31.0453254615774,26.3031200032799,0.00246270069158673,0.00168917054461957,4.74220545829746,20.6929487179487,10.1024228596262,0.0211605715296966,0.0130168304861054,10.5905258583225,20.9429026019512,"Passer montanus","Passer_montanus",22.83723871,"seeds"
"House Sparrow",0,108,86.88,120.65875,108.1,79.27125,111.8725,2,-22.56,21.2625,100,100,31.0453254615774,26.3031200032799,0.00246270069158673,0.00168917054461957,4.74220545829746,22.17997075424,12.0471307722794,0.0042423324397093,0.00270695153573242,10.1328399819606,18.998194689298,"Passer domesticus","Passer_domesticus",25.709883,"seeds"
"Orange-bellied Leafbird",2,360.8,307.2175,444.96,237.85,146.6625,335.2075,123.925,6.0875,264.36625,400,200,29.2241525423729,24.631986093003,0.00987866219193129,0.00656715024153167,4.59216644936984,21.9024564776247,11.1792748050838,0.0125342086895257,0.00661594515077385,10.7231816725409,18.0448777372891,"Chloropsis hardwickii","Chloropsis_hardwickii",19.49529362,"omnivore"
"Streaked Spiderhunter",2,399,257.8,512,142,125,142,261.75,119.37,372.4525,400,100,29.2241525423729,24.631986093003,0.00987866219193129,0.00656715024153167,4.59216644936984,22.17997075424,12.0471307722794,0.0042423324397093,0.00270695153573242,10.1328399819606,17.1770217700935,"Arachnothera magna","Arachnothera_magna",17.61684357,"omnivore"
"Fire-breasted Flowerpecker",0,640,493.38125,906.99875,695.2,493.7,889.93375,-8.64999999999992,-275.36125,311.131249999999,600,700,28.1822649297046,23.5787050174126,0.0104819153002768,0.00816130871450377,4.60355991229202,18.7009572603478,8.35736820817042,0.0281479028228348,0.0178678292947903,10.3435890521774,19.8248967215342,"Dicaeum ignipectus","Dicaeum_ignipectus",23.28177999,"omnivore"
"Black-throated Sunbird",2,513,413,515,333.1,170.53125,489,159.775,1.44375000000002,324.9625,500,300,28.7198271413829,24.1112100103199,0.0106961153210823,0.00784150230567837,4.60861713106295,21.3894706224549,10.6652621956287,0.0163697346722889,0.0093670192425808,10.7242084268262,18.0545649457542,"Aethopyga saturata","Aethopyga_saturata",16.24088176,"omnivore"
"Green-tailed Sunbird",2,1739,1675.57625,1739,882.675,590.57875,998.405,852.85,734.8875,1145.2,1700,900,22.5833305716653,17.9345153272577,0.0142818994319414,0.0152787470232498,4.64881524440762,17.4571645709548,7.18316982174934,0.029506931452875,0.0189098326342412,10.2739947492055,15.400160749916,"Aethopyga nipalensis","Aethopyga_nipalensis",18.29359049,"omnivore"
"Oriental Turtle-Dove",2,1026,877.8275,1178.9075,358.425,198.08125,566,652,356.78625,898.78125,1000,400,26.1136041174016,21.5037835582139,0.0106850279975913,0.0102623128450242,4.60982055918765,20.6929487179487,10.1024228596262,0.0211605715296966,0.0130168304861054,10.5905258583225,16.0111812577754,"Streptopelia orientalis","Streptopelia_orientalis",32.75114632,"omnivore"
"Spotted Dove",1,44,44,47.4025,80,66.14625,98.635,-35,-54.15375,-17.4975,0,100,30.8799486148347,26.2986930294906,0.00231790307769073,0.00191760276816597,4.58125558534406,22.17997075424,12.0471307722794,0.0042423324397093,0.00270695153573242,10.1328399819606,18.8328178425553,"Stigmatopelia chinensis","Stigmatopelia_chinensis",30.6093332,"seeds"
